Workbook

Sheet Dashboard
A1: CHỈ SỐ | B1: GIÁ TRỊ | C1: MỤC TIÊU/GHI CHÚ
A2: Tổng hồ sơ | B2: =COUNTA('Học viên'!B2:B16) | C2: Tối đa 15
A3: Hồ sơ sẵn sàng | B3: =COUNTIF('Học viên'!F2:F16,"SẴN SÀNG") | C3: Đã xác nhận phù hợp
A4: Đã thanh toán | B4: =COUNTIF('Học viên'!J2:J16,"ĐÃ THANH TOÁN") | C4: Chỉ sau xét phù hợp
A5: Đã onboarding | B5: =COUNTIF('Học viên'!L2:L16,"HOÀN TẤT") | C5: Trước 23/09/2026
A6: Học viên XANH | B6: =COUNTIF('Tiến độ'!J2:J16,"XANH") | C6: Đúng tiến độ
A7: Học viên VÀNG | B7: =COUNTIF('Tiến độ'!J2:J16,"VÀNG") | C7: Có một vướng mắc cần xử lý
A8: Học viên ĐỎ | B8: =COUNTIF('Tiến độ'!J2:J16,"ĐỎ") | C8: Nguy cơ bỏ dở
A9: Doanh thu đã nhận | B9: =SUM('Học viên'!K2:K16) | C9: VNĐ
A10: Chỗ còn lại | B10: =15-COUNTA('Học viên'!B2:B16) | C10: Không dùng để tạo khan hiếm giả
A12: LỊCH ĐANG Ở TRẠNG THÁI DỰ KIẾN — chỉ công bố khi chủ chương trình xác nhận.

Sheet Học viên
A1: Mã HV | B1: Họ tên | C1: Điện thoại | D1: Email | E1: Ngành | F1: Trạng thái hồ sơ | G1: Ngày liên hệ | H1: Hành động tiếp | I1: Gói học phí | J1: Thanh toán | K1: Đã nhận (VNĐ) | L1: Onboarding | M1: Ghi chú tối thiểu
A2: HV01 | F2: NEW | H2: Liên hệ trong 24 giờ | J2: CHƯA GỬI | K2: 0 | L2: CHƯA
A3: HV02 | F3: NEW | H3: Liên hệ trong 24 giờ | J3: CHƯA GỬI | K3: 0 | L3: CHƯA
A4: HV03 | F4: NEW | H4: Liên hệ trong 24 giờ | J4: CHƯA GỬI | K4: 0 | L4: CHƯA
A5: HV04 | F5: NEW | H5: Liên hệ trong 24 giờ | J5: CHƯA GỬI | K5: 0 | L5: CHƯA
A6: HV05 | F6: NEW | H6: Liên hệ trong 24 giờ | J6: CHƯA GỬI | K6: 0 | L6: CHƯA
A7: HV06 | F7: NEW | H7: Liên hệ trong 24 giờ | J7: CHƯA GỬI | K7: 0 | L7: CHƯA
A8: HV07 | F8: NEW | H8: Liên hệ trong 24 giờ | J8: CHƯA GỬI | K8: 0 | L8: CHƯA
A9: HV08 | F9: NEW | H9: Liên hệ trong 24 giờ | J9: CHƯA GỬI | K9: 0 | L9: CHƯA
A10: HV09 | F10: NEW | H10: Liên hệ trong 24 giờ | J10: CHƯA GỬI | K10: 0 | L10: CHƯA
A11: HV10 | F11: NEW | H11: Liên hệ trong 24 giờ | J11: CHƯA GỬI | K11: 0 | L11: CHƯA
A12: HV11 | F12: NEW | H12: Liên hệ trong 24 giờ | J12: CHƯA GỬI | K12: 0 | L12: CHƯA
A13: HV12 | F13: NEW | H13: Liên hệ trong 24 giờ | J13: CHƯA GỬI | K13: 0 | L13: CHƯA
... A16: HV15 | F16: NEW | H16: Liên hệ trong 24 giờ | J16: CHƯA GỬI | K16: 0 | L16: CHƯA

Sheet Lịch học
A1: Mã | B1: Loại buổi | C1: Ngày | D1: Thứ | E1: Giờ | F1: Thời lượng | G1: Hình thức | H1: Chủ đề/Kết quả | I1: Trạng thái | J1: Link Meet | K1: Link tài liệu | L1: Việc trước 24h
A2: ONB | B2: Onboarding | C2: 46288 | D2: Thứ Tư | E2: 20:00–20:45 | F2: 45 | G2: Google Meet | H2: Kiểm tra tài khoản, dữ liệu, quy trình đầu tiên và baseline | I2: DỰ KIẾN | L2: Kiểm tra link, demo, dữ liệu, rubric và nhắc lịch
A3: W1 | B3: Buổi chính tuần 1 | C3: 46291 | D3: Thứ Bảy | E3: 19:30–22:00 | F3: 150 | G3: Google Meet | H3: Làm chủ Claude và tư duy giao việc | I3: DỰ KIẾN | L3: Kiểm tra link, demo, dữ liệu, rubric và nhắc lịch
A4: C1 | B4: AI Clinic tuần 1 | C4: 46295 | D4: Thứ Tư | E4: 20:00–21:00 | F4: 60 | G4: Google Meet | H4: Sửa ca thực tế tuần 1; không giảng bài mới | I4: DỰ KIẾN | L4: Kiểm tra link, demo, dữ liệu, rubric và nhắc lịch
A5: W2 | B5: Buổi chính tuần 2 | C5: 46298 | D5: Thứ Bảy | E5: 19:30–22:00 | F5: 150 | G5: Google Meet | H5: Xây trợ lý hiểu doanh nghiệp | I5: DỰ KIẾN | L5: Kiểm tra link, demo, dữ liệu, rubric và nhắc lịch
A6: C2 | B6: AI Clinic tuần 2 | C6: 46302 | D6: Thứ Tư | E6: 20:00–21:00 | F6: 60 | G6: Google Meet | H6: Sửa ca thực tế tuần 2; không giảng bài mới | I6: DỰ KIẾN | L6: Kiểm tra link, demo, dữ liệu, rubric và nhắc lịch
A7: W3 | B7: Buổi chính tuần 3 | C7: 46305 | D7: Thứ Bảy | E7: 19:30–22:00 | F7: 150 | G7: Google Meet | H7: Xây hệ thống nội dung marketing | I7: DỰ KIẾN | L7: Kiểm tra link, demo, dữ liệu, rubric và nhắc lịch
A8: C3 | B8: AI Clinic tuần 3 | C8: 46309 | D8: Thứ Tư | E8: 20:00–21:00 | F8: 60 | G8: Google Meet | H8: Sửa ca thực tế tuần 3; không giảng bài mới | I8: DỰ KIẾN | L8: Kiểm tra link, demo, dữ liệu, rubric và nhắc lịch
A9: W4 | B9: Buổi chính tuần 4 | C9: 46312 | D9: Thứ Bảy | E9: 19:30–22:00 | F9: 150 | G9: Google Meet | H9: Xây trợ lý bán hàng | I9: DỰ KIẾN | L9: Kiểm tra link, demo, dữ liệu, rubric và nhắc lịch
A10: C4 | B10: AI Clinic tuần 4 | C10: 46316 | D10: Thứ Tư | E10: 20:00–21:00 | F10: 60 | G10: Google Meet | H10: Sửa ca thực tế tuần 4; không giảng bài mới | I10: DỰ KIẾN | L10: Kiểm tra link, demo, dữ liệu, rubric và nhắc lịch
A11: W5 | B11: Buổi chính tuần 5 | C11: 46319 | D11: Thứ Bảy | E11: 19:30–22:00 | F11: 150 | G11: Google Meet | H11: Chăm sóc khách hàng và vận hành | I11: DỰ KIẾN | L11: Kiểm tra link, demo, dữ liệu, rubric và nhắc lịch
A12: C5 | B12: AI Clinic tuần 5 | C12: 46323 | D12: Thứ Tư | E12: 20:00–21:00 | F12: 60 | G12: Google Meet | H12: Sửa ca thực tế tuần 5; không giảng bài mới | I12: DỰ KIẾN | L12: Kiểm tra link, demo, dữ liệu, rubric và nhắc lịch
A13: W6 | B13: Buổi chính tuần 6 | C13: 46326 | D13: Thứ Bảy | E13: 19:30–22:00 | F13: 150 | G13: Google Meet | H13: Tự động hóa và bàn giao hệ thống | I13: DỰ KIẾN | L13: Kiểm tra link, demo, dữ liệu, rubric và nhắc lịch
A14: C6 | B14: AI Clinic tốt nghiệp | C14: 46330 | D14: Thứ Tư | E14: 20:00–21:00 | F14: 60 | G14: Google Meet | H14: Demo, sửa hồ sơ bàn giao và chốt kế hoạch duy trì | I14: DỰ KIẾN | L14: Kiểm tra link, demo, dữ liệu, rubric và nhắc lịch

Sheet Tiến độ
A1: Mã HV | B1: Họ tên | C1: Onboarding | D1: Tuần 1 | E1: Tuần 2 | F1: Tuần 3 | G1: Tuần 4 | H1: Tuần 5 | I1: Tuần 6 | J1: Sức khỏe | K1: Hành động tiếp | L1: Hạn | M1: Ghi chú
A2: HV01 | B2: ='Học viên'!B2 | C2: CHƯA | D2: CHƯA NỘP | E2: CHƯA NỘP | F2: CHƯA NỘP | G2: CHƯA NỘP | H2: CHƯA NỘP | I2: CHƯA NỘP
A3: HV02 | B3: ='Học viên'!B3 | C3: CHƯA | D3: CHƯA NỘP | E3: CHƯA NỘP | F3: CHƯA NỘP | G3: CHƯA NỘP | H3: CHƯA NỘP | I3: CHƯA NỘP
A4: HV03 | B4: ='Học viên'!B4 | C4: CHƯA | D4: CHƯA NỘP | E4: CHƯA NỘP | F4: CHƯA NỘP | G4: CHƯA NỘP | H4: CHƯA NỘP | I4: CHƯA NỘP
A5: HV04 | B5: ='Học viên'!B5 | C5: CHƯA | D5: CHƯA NỘP | E5: CHƯA NỘP | F5: CHƯA NỘP | G5: CHƯA NỘP | H5: CHƯA NỘP | I5: CHƯA NỘP
A6: HV05 | B6: ='Học viên'!B6 | C6: CHƯA | D6: CHƯA NỘP | E6: CHƯA NỘP | F6: CHƯA NỘP | G6: CHƯA NỘP | H6: CHƯA NỘP | I6: CHƯA NỘP
A7: HV06 | B7: ='Học viên'!B7 | C7: CHƯA | D7: CHƯA NỘP | E7: CHƯA NỘP | F7: CHƯA NỘP | G7: CHƯA NỘP | H7: CHƯA NỘP | I7: CHƯA NỘP
A8: HV07 | B8: ='Học viên'!B8 | C8: CHƯA | D8: CHƯA NỘP | E8: CHƯA NỘP | F8: CHƯA NỘP | G8: CHƯA NỘP | H8: CHƯA NỘP | I8: CHƯA NỘP
A9: HV08 | B9: ='Học viên'!B9 | C9: CHƯA | D9: CHƯA NỘP | E9: CHƯA NỘP | F9: CHƯA NỘP | G9: CHƯA NỘP | H9: CHƯA NỘP | I9: CHƯA NỘP
A10: HV09 | B10: ='Học viên'!B10 | C10: CHƯA | D10: CHƯA NỘP | E10: CHƯA NỘP | F10: CHƯA NỘP | G10: CHƯA NỘP | H10: CHƯA NỘP | I10: CHƯA NỘP
A11: HV10 | B11: ='Học viên'!B11 | C11: CHƯA | D11: CHƯA NỘP | E11: CHƯA NỘP | F11: CHƯA NỘP | G11: CHƯA NỘP | H11: CHƯA NỘP | I11: CHƯA NỘP
A12: HV11 | B12: ='Học viên'!B12 | C12: CHƯA | D12: CHƯA NỘP | E12: CHƯA NỘP | F12: CHƯA NỘP | G12: CHƯA NỘP | H12: CHƯA NỘP | I12: CHƯA NỘP
A13: HV12 | B13: ='Học viên'!B13 | C13: CHƯA | D13: CHƯA NỘP | E13: CHƯA NỘP | F13: CHƯA NỘP | G13: CHƯA NỘP | H13: CHƯA NỘP | I13: CHƯA NỘP
... A16: HV15 | B16: ='Học viên'!B16 | C16: CHƯA | D16: CHƯA NỘP | E16: CHƯA NỘP | F16: CHƯA NỘP | G16: CHƯA NỘP | H16: CHƯA NỘP | I16: CHƯA NỘP

Sheet Công việc vận hành
A1: Mã | B1: Giai đoạn | C1: Công việc | D1: Hạn/mốc | E1: Người phụ trách | F1: Trạng thái | G1: Bằng chứng/Link | H1: Ghi chú
A2: OP01 | B2: Tuyển sinh | C2: Theo dõi website, form và hồ sơ mới | D2: Liên tục | E2: Trợ lý | F2: ĐANG LÀM | H2: Chỉ báo khi có hồ sơ/lỗi thật
A3: OP02 | B3: Tuyển sinh | C3: Liên hệ hồ sơ mới | D3: ≤24 giờ từ đăng ký | E3: Chủ chương trình | F3: CHƯA | H3: Xác nhận phù hợp trước thanh toán
A4: OP03 | B4: Chuẩn bị | C4: Chốt lịch cohort và gửi học viên | D4: Trước 20/09 | E4: Chủ chương trình | F4: CHƯA | H4: Đổi lịch từ DỰ KIẾN sang ĐÃ XÁC NHẬN
A5: OP04 | B5: Chuẩn bị | C5: Tạo Meet chính + dự phòng | D5: Trước 22/09 | E5: Vận hành | F5: CHƯA | H5: Không phát link công khai
A6: OP05 | B6: Chuẩn bị | C6: Tạo thư mục riêng cho từng học viên | D6: Trước onboarding | E6: Vận hành | F6: CHƯA | H6: Không cho xem chéo
A7: OP06 | B7: Onboarding | C7: Chạy checklist 45 phút | D7: 23/09 20:00 | E7: Giảng viên | F7: CHƯA | H7: Tài khoản, dữ liệu, baseline
A8: OP07 | B8: Hằng tuần | C8: Kiểm tra demo, dữ liệu, rubric và link | D8: Trước buổi 24h | E8: Giảng viên/Trợ giảng | F8: CHƯA | H8: Có phương án dự phòng
A9: OP08 | B9: Hằng tuần | C9: Gửi recap và hạn bài | D9: Sau buổi ≤24h | E9: Vận hành | F9: CHƯA | H9: Không chứa dữ liệu riêng
A10: OP09 | B10: Hằng tuần | C10: Chấm Đạt/Cần sửa | D10: Trước buổi kế | E10: Giảng viên | F10: CHƯA | H10: Một hành động sửa trong 48h
A11: OP10 | B11: Tốt nghiệp | C11: Demo, runbook và bàn giao | D11: 04/11 | E11: Giảng viên | F11: CHƯA | H11: Có chủ sở hữu và lịch rà soát
A12: OP11 | B12: Sau khóa | C12: Phản hồi, chỉ số và quyền case study | D12: Sau khóa 7 ngày | E12: Chủ chương trình | F12: CHƯA | H12: Case study cần đồng ý riêng

Sheet Chương trình 6 tuần
A1: Tuần | B1: Chủ đề | C1: Sản phẩm bắt buộc | D1: Năng lực/Phạm vi | E1: Trạng thái tài liệu
A2: 1 | B2: Làm chủ Claude và tư duy giao việc | C2: Bản đồ cơ hội AI và ba quy trình ưu tiên | D2: Phân loại việc phù hợp; giao việc theo mục tiêu, bối cảnh, đầu vào, đầu ra và tiêu chí; ẩn danh dữ liệu. | E2: SẴN SÀNG
A3: 2 | B3: Xây trợ lý hiểu doanh nghiệp | C3: Claude Project, hồ sơ doanh nghiệp và checklist chất lượng | D3: Tổ chức nguồn; xử lý thông tin thiếu/xung đột; xây giọng thương hiệu có tiêu chí. | E3: SẴN SÀNG
A4: 3 | B4: Xây hệ thống nội dung marketing | C4: Lịch nội dung 7 ngày và gói Facebook–email–video | D4: Tái sử dụng một nguồn đã xác minh; kiểm tra dữ kiện, giọng, kênh và CTA trước khi duyệt. | E4: SẴN SÀNG
A5: 4 | B5: Xây trợ lý bán hàng | C5: Kịch bản khám phá, xử lý từ chối và chuỗi theo dõi ba chạm | D5: Hỗ trợ tư vấn nhưng không tự quyết giá/chiết khấu; có điều kiện dừng và bước duyệt. | E5: SẴN SÀNG
A6: 5 | B6: Chăm sóc khách hàng và vận hành | C6: Bộ FAQ–chuyển cấp và một SOP nội bộ | D6: Phân loại yêu cầu; đặt ngưỡng chuyển cấp; SOP có vai trò, kiểm soát và bằng chứng hoàn tất. | E6: SẴN SÀNG
A7: 6 | B7: Tự động hóa và bàn giao hệ thống | C7: Workflow chạy thử và hồ sơ bàn giao bộ máy AI | D7: Thiết kế trigger, validation, chống trùng, nhánh lỗi, log, người duyệt và runbook tắt hệ thống. | E7: SẴN SÀNG

Sheet Chỉ mục tài liệu
A1: Nhóm | B1: Tài liệu | C1: Đối tượng | D1: Định dạng | E1: Đường dẫn trong repo | F1: Trạng thái | G1: Quy tắc chia sẻ
A2: Quản trị | B2: Sổ tay vận hành khóa học AI | C2: Nội bộ | D2: DOCX/PDF | E2: course/dist/04-09-2026-So-tay-van-hanh-khoa-hoc-AI.docx | F2: HIỆN HÀNH | G2: Không gửi bảng PII cho học viên
A3: Chia sẻ | B3: Chương trình học 6 tuần | C3: Học viên/Ứng viên | D3: PDF | E3: course/dist/04-09-2026-Chuong-trinh-hoc-AI-Van-hanh-doanh-nghiep.pdf | F3: HIỆN HÀNH | G3: Có thể chia sẻ
A4: Lịch | B4: Lịch học và quản lý cohort | C4: Nội bộ | D4: XLSX | E4: course/dist/04-09-2026-Lich-hoc-va-quan-ly-cohort-AI.xlsx | F4: HIỆN HÀNH | G4: Giới hạn quyền truy cập
A5: Giảng viên | B5: Giáo án chi tiết Horus 6 tuần | C5: Giảng viên | D5: DOCX/PDF | E5: course/dist/04-09-2026-Giao-an-chi-tiet-Horus-AI-Van-hanh-doanh-nghiep.pdf | F5: HIỆN HÀNH | G5: Bản PDF để dạy; DOCX để chỉnh sửa
A6: Học viên | B6: Workbook | C6: Học viên | D6: PDF | E6: course/dist/04-09-2026-Workbook-AI-Van-hanh-doanh-nghiep.pdf | F6: HIỆN HÀNH | G6: Chia sẻ sau xác nhận
A7: Workshop | B7: Slide workshop | C7: Người tham dự | D7: PPTX/PDF | E7: course/dist/04-09-2026-Workshop-Xay-tro-ly-AI-dau-tien-voi-Claude.pdf | F7: HIỆN HÀNH | G7: Có thể chia sẻ theo chương trình
A8: Onboarding | B8: Checklist intake | C8: Vận hành | D8: Source/PDF gộp | E8: course/onboarding/intake-checklist.md | F8: HIỆN HÀNH | G8: Không public response sheet
A9: Website | B9: Landing page | C9: Công khai | D9: HTML | E9: ai-van-hanh-doanh-nghiep/ | F9: LIVE | G9: https://khanh.design/ai-van-hanh-doanh-nghiep/
